/*DataBase oa_db*/
CREATE DATABASE IF NOT EXISTS oa_db;
USE `oa_db`;
/*Data for the table `oa_dept` */
insert into `oa_dept`(`dept_id`,`create_date`,`modify_date`,`dept_name`,`dept_remark`,`creater`,`modifier`) values
(1,'2023-10-14 09:33:24','2023-10-14 09:33:24','技术部',NULL,'admin','admin'),
(2,'2023-10-14 09:33:24','2023-10-14 09:33:35','运营部',NULL,'admin','admin'),
(3,'2023-10-14 09:33:24','2023-10-14 09:33:35','财务部',NULL,'admin','admin'),
(4,'2023-10-14 09:33:24','2023-10-14 09:33:35','人事部',NULL,'admin','admin'),
(5,'2023-10-14 09:33:24','2023-10-14 09:33:35','总公办',NULL,'admin','admin');

/*Data for the table `oa_job` */
insert into `oa_job`(`job_code`,`job_name`,`job_remark`) values
('0001','职员',NULL),
('0002','Java开发工程师',NULL),
('0003','Java中级开发工程师',NULL),
('0004','Java高级开发工程师',NULL),
('0005','系统管理员',NULL),
('0006','架构师',NULL),
('0007','主管',NULL),
('0008','经理',NULL),
('0009','总经理',NULL),
('0010','总裁',NULL);

/*Data for the table `oa_module` */
insert  into `oa_module`(`module_code`,`create_date`,`modify_date`,`module_name`,`module_remark`,`module_url`,`creater`,`modifier`) values
('0001','2023-01-14 09:33:24','2023-01-14 09:33:24','系统管理','系统管理','#','admin','admin'),
('00010001','2023-01-14 09:33:24','2023-01-14 09:33:24','用户管理','用户管理','/user/selectUser','admin','admin'),
('000100010001','2023-01-14 09:33:24','2023-01-14 09:33:24','--------查询操作','查询操作','/user/selectUser','admin','admin'),
('000100010002','2023-01-14 09:33:24','2023-01-19 16:41:29','--------增加操作','增加操作','/user/addUser','admin','admin'),
('000100010003','2023-01-14 09:33:24','2023-01-19 16:41:43','--------修改操作','修改操作','/user/updateUser','admin','admin'),
('000100010004','2023-01-14 09:33:24','2023-01-20 09:10:06','--------删除操作','删除操作','/user/deleteUser','admin','admin'),
('000100010005','2023-01-14 09:33:24','2023-01-20 09:09:16','--------预览用户','预览用户','/user/preUser','admin','admin'),
('000100010006','2023-01-19 16:06:58','2023-01-20 09:09:48','激活用户','测试一下','/user/activeUser','admin','admin'),
('00010002','2023-01-19 16:39:47','2023-01-20 09:08:00','菜单管理','菜单管理','/module/mgrModule','admin','admin'),
('000100020001','2023-01-19 16:41:09','2023-01-20 09:10:52','管理菜单','管理菜单','/module/mgrModule','admin','admin'),
('000100020002','2023-01-20 09:12:41','2023-01-20 09:12:41','查询子模块','查询子菜单','/module/getModulesByParent','admin',NULL),
('000100020003','2023-01-20 09:14:53','2023-01-20 09:14:53','添加模块','添加模块','/module/addModule','admin',NULL),
('000100020004','2023-01-20 09:15:14','2023-01-20 14:00:12','删除模块','删除模块','/module/deleteModule','admin','admin'),
('000100020005','2023-01-20 09:15:50','2023-01-20 09:15:50','修改模块','修改模块','/module/updateModule','admin',NULL),
('00010003','2023-01-19 16:40:06','2023-01-20 11:05:16','角色管理','角色管理','/role/selectRole','admin','admin'),
('000100030001','2023-01-20 09:17:42','2023-02-20 09:21:06','查询角色','查询角色','/role/selectRole','admin','admin'),
('000100030002','2023-01-20 09:18:19','2023-02-20 11:26:10','添加角色','添加角色','/role/addRole','admin','admin'),
('000100030003','2023-01-20 09:18:48','2023-02-20 11:26:14','删除角色','删除角色','/role/deleteRole','admin','admin'),
('000100030004','2023-01-20 09:19:19','2023-02-20 11:26:17','修改角色','修改角色','/role/updateRole','admin','admin'),
('000100030005','2023-01-20 09:19:49','2023-02-20 09:23:18','查询角色用户','查询角色用户','/role/selectRoleUser','admin',NULL),
('000100030006','2023-01-20 09:23:02','2023-02-20 09:23:18','绑定用户','绑定用户','/role/bindUser','admin',NULL),
('000100030007','2023-01-20 09:23:18','2023-02-20 09:23:18','解绑用户','解绑用户','/role/unBindUser','admin',NULL),
('000100030008','2023-01-20 09:24:17','2023-02-20 09:24:48','管理权限','管理权限','/popedom/mgrPopedom','admin','admin'),
('000100030009','2023-01-20 09:24:36','2023-02-20 15:37:52','角色模块操作权限','角色模块操作权限','/popedom/getOperasByParent','admin','admin'),
('000100030010','2023-01-20 09:27:40','2023-02-20 09:27:55','绑定模块操作','绑定模块操作','/popedom/bindPopedom','admin','admin'),
('0002','2022-04-07 13:45:51','2023-04-07 13:45:51','假期管理','假期管理','#','admin',NULL),
('00020001','2023-01-20 09:30:36','2023-01-20 09:30:36','假期类型','假期类型管理','/admin/leave/mgrLeaveType','admin','admin'),
('000200010001','2023-01-20 09:30:36','2023-01-20 11:19:49','--------查询操作','查询操作','/admin/leave/selectLeaveType','admin','admin'),
('000200010002','2023-01-20 09:30:36','2023-01-20 09:30:36','--------增加操作','增加操作','/admin/leave/addLeaveType','admin','admin'),
('000200010003','2023-01-20 09:30:36','2023-01-20 11:19:53','--------修改操作','修改操作','/admin/leave/updateLeaveType','admin','admin'),
('000200010004','2023-01-20 09:30:36','2023-01-20 11:19:56','--------删除操作','删除操作','/admin/leave/deleteLeaveType','admin','admin'),
('000200010005','2023-01-20 09:30:36','2023-01-20 09:30:36','--------管理操作','管理操作','/admin/leave/mgrLeaveType','admin','admin'),
('00020002','2023-01-20 09:30:36','2023-02-20 09:30:36','假期明细','假期明细','/admin/leave/mgrLeaveItem','admin',NULL),
('000200020001','2023-01-20 09:30:36','2023-02-20 09:30:36','--------管理操作','管理操作','/admin/leave/mgrLeaveItem','admin',NULL),
('000200020002','2023-01-20 09:30:36','2023-02-20 09:30:36','--------查询操作','查询操作','/admin/leave/selectLeaveItem','admin',NULL),
('000200020003','2023-01-20 09:30:36','2023-02-20 09:30:36','--------审核操作','审核操作','/admin/leave/checkLeaveItem','admin',NULL),
('00020003','2023-01-20 09:30:36','2023-01-20 09:30:36','用户请假','用户请假','/admin/leave/selectUserLeave','admin','admin'),
('000200030001','2023-01-20 09:30:36','2023-02-20 09:30:36','--------查询操作','查询操作','/admin/leave/selectUserLeave','admin',NULL),
('000200030002','2023-01-20 09:30:36','2023-02-20 09:30:36','--------增加操作','增加操作','/admin/leave/addUserLeave','admin',NULL),
('000200030003','2023-01-20 09:30:36','2023-02-20 09:30:36','--------修改操作','修改操作','/admin/leave/updateUserLeave','admin',NULL),
('000200030004','2023-01-20 09:30:36','2023-02-20 09:30:36','--------删除操作','删除操作','/admin/leave/deleteUserLeave','admin',NULL),
('00020004','2023-01-20 09:30:36','2023-01-20 09:30:36','假期审批','假期审批','/admin/leave/selectAuditLeave','admin','admin'),
('000200040001','2023-01-20 09:30:36','2023-02-20 09:30:36','--------查看审批操作','查看审批操作','/admin/leave/selectAuditLeave','admin',NULL),
('000200040002','2023-01-20 09:30:36','2023-02-20 09:30:36','--------审批请假操作','审批请假操作','/admin/leave/auditLeaveSheet','admin',NULL);

/*Data for the table `oa_popedom` */
insert into `oa_popedom`(`popedom_id`,`create_date`,`creater`,`module`,`opera`,`role`) values
(133,'2023-01-20 11:03:28','admin','00010003','000100030001',1),
(134,'2023-01-20 11:03:28','admin','00010003','000100030002',1),
(135,'2023-01-20 11:03:28','admin','00010003','000100030003',1),
(136,'2023-01-20 11:03:28','admin','00010003','000100030004',1),
(137,'2023-01-20 11:03:28','admin','00010003','000100030005',1),
(138,'2023-01-20 11:03:28','admin','00010003','000100030006',1),
(139,'2023-01-20 11:03:28','admin','00010003','000100030007',1),
(140,'2023-01-20 11:03:28','admin','00010003','000100030008',1),
(141,'2023-01-20 11:03:28','admin','00010003','000100030009',1),
(142,'2023-01-20 11:03:28','admin','00010003','000100030010',1),
(156,'2023-01-20 11:16:07','admin','00010003','000100030001',2),
(157,'2023-01-20 11:16:07','admin','00010003','000100030002',2),
(158,'2023-01-20 11:16:07','admin','00010003','000100030003',2),
(159,'2023-01-20 11:16:07','admin','00010003','000100030004',2),
(160,'2023-01-20 11:16:07','admin','00010003','000100030005',2),
(161,'2023-01-20 11:16:07','admin','00010003','000100030006',2),
(162,'2023-01-20 11:16:07','admin','00010003','000100030007',2),
(163,'2023-01-20 11:16:07','admin','00010003','000100030008',2),
(164,'2023-01-20 11:16:07','admin','00010003','000100030009',2),
(165,'2023-01-20 11:16:07','admin','00010003','000100030010',2),
(166,'2023-01-20 11:16:59','admin','00010002','000100020001',1),
(167,'2023-01-20 11:16:59','admin','00010002','000100020002',1),
(168,'2023-01-20 11:16:59','admin','00010002','000100020003',1),
(169,'2023-01-20 11:16:59','admin','00010002','000100020004',1),
(170,'2023-01-20 11:16:59','admin','00010002','000100020005',1),
(171,'2023-01-20 11:23:23','admin','00020003','000200030001',2),
(172,'2023-01-20 11:23:23','admin','00020003','000200030002',2),
(173,'2023-01-20 11:23:23','admin','00020003','000200030003',2),
(174,'2023-01-20 11:23:23','admin','00020003','000200030004',2),
(175,'2023-01-20 11:47:10','admin','00010001','000100010001',2),
(176,'2023-01-20 11:47:10','admin','00010001','000100010002',2),
(177,'2023-01-20 11:47:10','admin','00010001','000100010003',2),
(178,'2023-01-20 11:47:10','admin','00010001','000100010004',2),
(179,'2023-01-20 11:47:10','admin','00010001','000100010005',2),
(180,'2023-01-20 11:47:10','admin','00010001','000100010006',2),
(181,'2023-01-20 11:47:13','admin','00010002','000100020001',2),
(182,'2023-01-20 11:47:13','admin','00010002','000100020002',2),
(183,'2023-01-20 11:47:13','admin','00010002','000100020003',2),
(184,'2023-01-20 11:47:13','admin','00010002','000100020004',2),
(185,'2023-01-20 11:47:13','admin','00010002','000100020005',2),
(198,'2023-01-20 14:01:44','admin','00020001','000200010001',1),
(199,'2023-01-20 14:01:44','admin','00020001','000200010002',1),
(200,'2023-01-20 14:01:44','admin','00020001','000200010003',1),
(201,'2023-01-20 14:01:44','admin','00020001','000200010004',1),
(202,'2023-01-20 14:01:44','admin','00020001','000200010005',1),
(203,'2023-01-20 14:01:54','admin','00020002','000200020001',1),
(204,'2023-01-20 14:01:54','admin','00020002','000200020002',1),
(205,'2023-01-20 14:01:54','admin','00020002','000200020006',1),
(206,'2023-01-20 14:01:56','admin','00020003','000200030001',1),
(207,'2023-01-20 14:01:56','admin','00020003','000200030002',1),
(208,'2023-01-20 14:01:56','admin','00020003','000200030003',1),
(209,'2023-01-20 14:01:56','admin','00020003','000200030004',1),
(228,'2023-01-20 16:03:57','admin','00010001','000100010001',3),
(229,'2023-01-20 16:03:57','admin','00010001','000100010002',3),
(230,'2023-01-20 16:13:05','admin','00020004','000200040001',1),
(231,'2023-01-20 16:13:05','admin','00020004','000200040002',1),
(232,'2023-11-07 12:17:48','admin','00010001','000100010001',1),
(233,'2023-11-07 12:17:48','admin','00010001','000100010005',1);

/*Data for the table `oa_role` */
insert into `oa_role`(`role_id`,`create_date`,`modify_date`,`role_name`,`role_remark`,`creater`,`modifier`) values
(1,'2023-01-14 09:33:23','2023-01-19 09:31:29','系统管理员','系统管理员','admin','admin'),
(2,'2023-01-14 09:33:24','2023-01-20 11:19:09','其他职员','其他职员','admin','admin'),
(3,'2023-01-20 11:18:39','2023-01-20 11:19:23','咨询师','咨询师','admin','admin'),
(4,'2023-01-20 11:18:50','2023-01-20 11:19:26','讲师','讲师','admin','admin');

/*Data for the table `oa_user` */
insert into `oa_user`(`user_id`,`user_answer`,`check_date`,`create_date`,`user_email`,`modify_date`,`user_name`,`user_password`,`user_phone`,`user_qqnum`,`user_question`,`user_sex`,`user_status`,`user_tel`,`checker`,`creater`,`dept`,`job`,`modifier`) values
('admin','19810821232332','2023-01-20 16:47:31','2023-01-14 09:33:23','yuxiang.jin@outlook.com','2023-01-20 16:03:21','靳玉祥','123456','17313215836','251425887',1,1,1,'020-88798789','admin','admin',2,'0001','admin'),
('靳玉祥','19931011','2023-01-20 16:45:00','2023-01-20 09:33:35','yuxiang.jin@outlook.com','2023-01-20 16:38:28','靳玉祥','123456','17313215836','17522122121',1,1,0,'020-38216920','admin','admin',1,'0009','admin'),
('陈杨','湖北','2023-01-20 16:47:42','2023-01-16 10:12:24','1409387553@qq.com','2023-01-20 16:06:34','陈杨','123456','17313215836','251425887',2,2,1,'02043434242','admin','admin',3,'0008','admin');

/*Data for the table `oa_user_role` */
insert into `oa_user_role`(`role_id`,`user_id`) values (1,'admin'),(2,'靳玉祥'),(3,'陈杨');

/*对于Session（推荐）：禁用外键检查*/
set foreign_key_checks=0;
/*对于Session（推荐）：启用外键检查*/
set foreign_key_checks=1;

/*全局状态：（不推荐）：禁用外键检查*/
set global foreign_key_checks=0;
/*全局状态：（不推荐）：启用外键检查*/
set global foreign_key_checks=1;